,rule,years_active,early_mean,recent_mean,yearly_trend,pct_years_positive,status
0,rvol_open30 <= 0.392,4,0.01805414792788421,0.021260232000337782,-0.0015855755363593453,1.0,STABLE
1,nifty_ret_1d > 1.205,4,0.022933116812543557,0.025260184901274893,2.132452832767572e-05,1.0,STABLE
2,gap_abs <= 0.8338,4,0.011291845972704702,0.010328646179347166,-0.000821973364723989,1.0,STABLE
3,gap_vs_atr <= 0.7264,4,0.003945730568354841,0.006272261890731737,-0.0005269173457309654,1.0,STRENGTHENING
4,gap_idiosyncratic > -1.285,4,0.005257822414167059,0.005502760394089554,-0.0007215680364017579,1.0,STABLE
5,ret_1d <= 1.926,4,0.004118526270560711,0.005450319215053949,-0.0006247322856948195,1.0,STABLE
6,dist_prev_low <= 2.39,4,0.004413508487879931,0.005536709493460801,0.00029926223714117525,1.0,STABLE
7,vix_level <= 19.63,4,0.005028058879758887,0.004724687690276685,-0.0006581103671732017,1.0,STABLE
