,regime,factor,is_mean,is_p,is_n,confirmed,oos_mean,oos_win_rate,oos_n,fdr_pass
7,nifty_ret_5d:mkt_strong,tb_tb_ret <= -0.06697,-0.15321998279712984,1.9865968464055696e-08,144,True,-0.16906738637642016,0.30103092783505153,485,True
3,nifty_above_50dma:downtrend,tb_tb_ret <= -0.01752,-0.14161165207617368,1.873828670114211e-15,340,True,-0.15095769043017296,0.30202140309155767,841,True
1,nifty_above_50dma:uptrend,tb_tb_ret <= -0.05678,-0.13890379947624484,1.6820041026712615e-07,149,True,-0.1394057897604269,0.33861834654586637,883,True
5,nifty_ret_5d:mkt_weak,tb_tb_ret <= -0.01009,-0.11676128660941916,3.641992039140747e-06,143,True,-0.11910984613728823,0.32592592592592595,540,True
6,nifty_ret_5d:mkt_strong,(baseline),-0.03476398283821823,0.07077863429959187,288,False,0.006808791118359984,0.5252062328139322,1091,False
2,nifty_above_50dma:downtrend,(baseline),-0.016241800422150288,0.19872231084592307,680,False,0.005621774060536219,0.5190311418685121,1734,False
0,nifty_above_50dma:uptrend,(baseline),-0.01262691058552055,0.5029944978259604,297,False,0.013992817663285348,0.5196437925615506,1909,False
4,nifty_ret_5d:mkt_weak,(baseline),-0.005407914111380061,0.7697290797948353,285,False,0.023695890882381093,0.5248161764705882,1088,False
