combo,n_factors,is_n,is_mean,is_win,is_p,oos_confirmed,oos_is_mean,oos_oos_mean,oos_oos_t,oos_oos_win_rate,oos_oos_n,oos_oos_n_eff,fdr_pass
"gap_vs_atr in (0.205, 0.348] AND gap_abs in (0.446, 0.745]",2,190,0.03929048325444921,0.5736842105263158,0.12068540709774905,False,0.03929048325444921,0.008605284518395522,0.73,0.5006242197253433,801,801.0,False
"ms_vpin_z20 in (-0.326, 0.159] AND ms_vpin in (0.111, 0.122]",2,141,0.03281793917102187,0.5319148936170213,0.2743692085110011,False,0.03281793917102187,0.006188074233771026,0.44,0.5009140767824497,547,547.0,False
