,regime,factor,is_mean,is_p,is_n,confirmed,oos_mean,oos_win_rate,oos_n,fdr_pass
7,nifty_ret_5d:mkt_strong,tb_tb_ret <= -0.04095,-0.15150014650470534,7.987988733932715e-10,174,True,-0.12402394127416615,0.3443708609271523,604,True
1,nifty_above_50dma:uptrend,tb_tb_ret <= -0.02112,-0.1509312476626362,1.2030229115979028e-10,184,True,-0.12973164127326317,0.3419642857142857,1120,True
3,nifty_above_50dma:downtrend,tb_tb_ret > 0.006,0.14394654884975838,4.932239458110621e-20,414,True,0.14502453834384177,0.6653185035389282,989,True
5,nifty_ret_5d:mkt_weak,tb_tb_ret > 0.04608,0.13782465361826254,4.485890805183181e-08,173,True,0.15055424606474188,0.6861788617886179,615,True
4,nifty_ret_5d:mkt_weak,(baseline),0.020647295493245982,0.23914977013570043,347,False,0.0038083966848101816,0.5049656226126814,1309,False
0,nifty_above_50dma:uptrend,(baseline),-0.005378903464539013,0.7559530714515472,368,False,0.004775310758911533,0.5143478260869565,2300,False
2,nifty_above_50dma:downtrend,(baseline),0.002430414412799414,0.8354730098150327,828,True,0.0016458360904035914,0.4939467312348668,2065,False
6,nifty_ret_5d:mkt_strong,(baseline),-0.0017361605482634893,0.9257952806085322,347,False,0.019549027641546656,0.5256312165263963,1307,False
