combo,n_factors,is_n,is_mean,is_win,is_p,oos_confirmed,oos_is_mean,oos_oos_mean,oos_oos_t,oos_oos_win_rate,oos_oos_n,oos_oos_n_eff,fdr_pass
"gap_abs in (0.446, 0.745] AND gap_pct in (0.168, 0.726]",2,103,0.07050820001823761,0.6407766990291263,0.03745550268457407,False,0.07050820001823761,0.012517994225330275,0.79,0.5045045045045045,444,444.0,False
"gap_vs_atr in (0.205, 0.348] AND gap_abs in (0.446, 0.745]",2,190,0.03929048325444921,0.5736842105263158,0.12068540709774905,False,0.03929048325444921,0.008605284518395522,0.73,0.5006242197253433,801,801.0,False
